record_id,problem_id,condition,n_steps,continuation_mode,check_initiation,n_verify,n_ref_edges,audit_hit,disp_ordinal,final_correct,cue_present,injected_pos,wrong_val,true_val
gsm_228_clean__C0,gsm_228_clean,C0,6,continued,1,1,1,,,1,1,,0.0,2.0
gsm_228_clean__C1,gsm_228_clean,C1,6,continued,1,1,1,1.0,,0,1,2.0,0.0,2.0
gsm_228_clean__C2,gsm_228_clean,C2,7,continued,1,1,1,1.0,,1,1,2.0,0.0,2.0
gsm_228_clean__C3,gsm_228_clean,C3,6,continued,1,1,1,,,1,1,,0.0,2.0
gsm_228_clean__C4,gsm_228_clean,C4,8,continued,1,1,1,1.0,,0,1,3.0,0.0,2.0
gsm_51_clean__C0,gsm_51_clean,C0,7,continued,1,1,1,,,1,1,,24.0,30.0
gsm_51_clean__C1,gsm_51_clean,C1,4,continued,0,0,0,0.0,,0,0,3.0,24.0,30.0
gsm_51_clean__C2,gsm_51_clean,C2,8,continued,1,1,1,0.0,3.0,1,1,3.0,24.0,30.0
gsm_51_clean__C3,gsm_51_clean,C3,9,continued,1,1,1,,,1,1,,24.0,30.0
gsm_51_clean__C4,gsm_51_clean,C4,9,continued,1,1,1,1.0,,0,1,4.0,24.0,30.0
gsm_563_clean__C0,gsm_563_clean,C0,8,continued,1,1,1,,,1,1,,22.0,20.0
gsm_563_clean__C1,gsm_563_clean,C1,9,continued,1,2,1,0.0,5.0,0,1,2.0,22.0,20.0
gsm_563_clean__C2,gsm_563_clean,C2,6,continued,1,1,1,0.0,3.0,1,1,2.0,22.0,20.0
gsm_563_clean__C3,gsm_563_clean,C3,6,continued,1,1,1,,,1,1,,22.0,20.0
gsm_563_clean__C4,gsm_563_clean,C4,12,continued,1,1,1,0.0,7.0,0,1,3.0,22.0,20.0
gsm_457_clean__C0,gsm_457_clean,C0,7,continued,1,1,1,,,1,1,,23.0,25.0
gsm_457_clean__C1,gsm_457_clean,C1,7,continued,1,1,1,0.0,3.0,0,1,2.0,23.0,25.0
gsm_457_clean__C2,gsm_457_clean,C2,8,continued,1,1,1,0.0,4.0,1,1,2.0,23.0,25.0
gsm_457_clean__C3,gsm_457_clean,C3,6,continued,1,1,1,,,1,1,,23.0,25.0
gsm_457_clean__C4,gsm_457_clean,C4,8,continued,1,1,1,0.0,3.0,0,1,3.0,23.0,25.0
gsm_1116_clean__C0,gsm_1116_clean,C0,3,continued,0,0,0,,,1,0,,9.0,10.0
gsm_1116_clean__C1,gsm_1116_clean,C1,3,continued,0,0,0,0.0,,0,0,2.0,9.0,10.0
gsm_1116_clean__C2,gsm_1116_clean,C2,6,continued,1,1,1,1.0,,0,1,2.0,9.0,10.0
gsm_1116_clean__C3,gsm_1116_clean,C3,6,continued,1,1,1,,,1,1,,9.0,10.0
gsm_1116_clean__C4,gsm_1116_clean,C4,6,continued,1,1,1,1.0,,0,1,3.0,9.0,10.0
gsm_178_clean__C0,gsm_178_clean,C0,6,continued,1,1,1,,,1,1,,32.0,36.0
gsm_178_clean__C1,gsm_178_clean,C1,6,continued,1,1,1,1.0,,0,1,2.0,32.0,36.0
gsm_178_clean__C2,gsm_178_clean,C2,6,continued,1,1,1,0.0,3.0,1,1,2.0,32.0,36.0
gsm_178_clean__C3,gsm_178_clean,C3,6,continued,1,1,1,,,1,1,,32.0,36.0
gsm_178_clean__C4,gsm_178_clean,C4,6,continued,1,1,1,1.0,,0,1,3.0,32.0,36.0
gsm_1209_clean__C0,gsm_1209_clean,C0,9,continued,1,1,1,,,1,1,,0.0,2.0
gsm_1209_clean__C1,gsm_1209_clean,C1,8,continued,1,3,1,1.0,,0,1,2.0,0.0,2.0
gsm_1209_clean__C2,gsm_1209_clean,C2,10,continued,1,1,1,1.0,,1,1,2.0,0.0,2.0
gsm_1209_clean__C3,gsm_1209_clean,C3,9,continued,1,1,1,,,1,1,,0.0,2.0
gsm_1209_clean__C4,gsm_1209_clean,C4,9,continued,1,1,1,1.0,,1,1,3.0,0.0,2.0
gsm_864_clean__C0,gsm_864_clean,C0,9,continued,1,1,1,,,1,1,,400.0,500.0
gsm_864_clean__C1,gsm_864_clean,C1,9,continued,1,1,1,0.0,3.0,0,1,4.0,400.0,500.0
gsm_864_clean__C2,gsm_864_clean,C2,10,continued,1,1,1,0.0,4.0,0,1,4.0,400.0,500.0
gsm_864_clean__C3,gsm_864_clean,C3,9,continued,1,1,1,,,1,1,,400.0,500.0
gsm_864_clean__C4,gsm_864_clean,C4,11,continued,1,1,1,0.0,4.0,0,1,5.0,400.0,500.0
gsm_65_clean__C0,gsm_65_clean,C0,6,continued,0,0,0,,,1,0,,3.0,1.0
gsm_65_clean__C1,gsm_65_clean,C1,5,continued,0,0,0,0.0,,0,0,2.0,3.0,1.0
gsm_65_clean__C2,gsm_65_clean,C2,7,continued,1,1,1,1.0,,1,1,2.0,3.0,1.0
gsm_65_clean__C3,gsm_65_clean,C3,6,continued,1,1,1,,,1,1,,3.0,1.0
gsm_65_clean__C4,gsm_65_clean,C4,9,continued,1,1,1,1.0,,1,1,3.0,3.0,1.0
gsm_447_clean__C0,gsm_447_clean,C0,6,restarted,0,0,0,,,1,0,,187.0,235.0
gsm_447_clean__C1,gsm_447_clean,C1,6,restarted,0,0,0,0.0,,0,0,2.0,187.0,235.0
gsm_447_clean__C2,gsm_447_clean,C2,6,continued,1,1,1,0.0,2.0,1,1,2.0,187.0,235.0
gsm_447_clean__C3,gsm_447_clean,C3,5,continued,1,1,1,,,1,1,,187.0,235.0
gsm_447_clean__C4,gsm_447_clean,C4,4,continued,0,0,0,0.0,,0,1,3.0,187.0,235.0
gsm_476_clean__C0,gsm_476_clean,C0,6,continued,1,1,1,,,1,1,,16.0,20.0
gsm_476_clean__C1,gsm_476_clean,C1,6,continued,1,1,1,1.0,,0,1,3.0,16.0,20.0
gsm_476_clean__C2,gsm_476_clean,C2,8,continued,1,1,1,0.0,3.0,1,1,3.0,16.0,20.0
gsm_476_clean__C3,gsm_476_clean,C3,6,continued,1,1,1,,,1,1,,16.0,20.0
gsm_476_clean__C4,gsm_476_clean,C4,9,continued,1,1,1,0.0,3.0,1,1,4.0,16.0,20.0
gsm_1034_clean__C0,gsm_1034_clean,C0,3,continued,0,0,0,,,1,0,,14.0,18.0
gsm_1034_clean__C1,gsm_1034_clean,C1,3,continued,0,0,0,0.0,,0,0,2.0,14.0,18.0
gsm_1034_clean__C2,gsm_1034_clean,C2,6,continued,1,1,1,0.0,2.0,1,1,2.0,14.0,18.0
gsm_1034_clean__C3,gsm_1034_clean,C3,5,continued,1,1,1,,,1,1,,14.0,18.0
gsm_1034_clean__C4,gsm_1034_clean,C4,4,continued,0,0,0,0.0,,0,1,3.0,14.0,18.0
gsm_1232_clean__C0,gsm_1232_clean,C0,6,continued,0,0,0,,,1,0,,13.0,15.0
gsm_1232_clean__C1,gsm_1232_clean,C1,6,continued,0,0,0,0.0,,0,0,4.0,13.0,15.0
gsm_1232_clean__C2,gsm_1232_clean,C2,6,continued,0,0,0,0.0,,1,0,4.0,13.0,15.0
gsm_1232_clean__C3,gsm_1232_clean,C3,4,continued,0,0,0,,,1,0,,13.0,15.0
gsm_1232_clean__C4,gsm_1232_clean,C4,10,continued,1,2,1,1.0,,0,1,5.0,13.0,15.0
gsm_1149_clean__C0,gsm_1149_clean,C0,6,continued,0,0,0,,,1,0,,2.0,3.0
gsm_1149_clean__C1,gsm_1149_clean,C1,6,continued,1,1,1,1.0,,0,1,3.0,2.0,3.0
gsm_1149_clean__C2,gsm_1149_clean,C2,8,continued,1,1,1,0.0,3.0,1,1,3.0,2.0,3.0
gsm_1149_clean__C3,gsm_1149_clean,C3,7,continued,1,1,1,,,0,1,,2.0,3.0
gsm_1149_clean__C4,gsm_1149_clean,C4,8,continued,1,1,2,0.0,2.0,1,1,4.0,2.0,3.0
gsm_451_clean__C0,gsm_451_clean,C0,6,continued,1,1,1,,,1,1,,37.0,45.0
gsm_451_clean__C1,gsm_451_clean,C1,6,continued,1,1,1,0.0,2.0,0,1,2.0,37.0,45.0
gsm_451_clean__C2,gsm_451_clean,C2,6,continued,1,1,1,0.0,3.0,0,1,2.0,37.0,45.0
gsm_451_clean__C3,gsm_451_clean,C3,6,continued,1,1,1,,,1,1,,37.0,45.0
gsm_451_clean__C4,gsm_451_clean,C4,7,continued,1,1,1,0.0,2.0,0,1,3.0,37.0,45.0
gsm_1206_clean__C0,gsm_1206_clean,C0,6,continued,1,1,1,,,1,1,,90000.0,100000.0
gsm_1206_clean__C1,gsm_1206_clean,C1,6,continued,1,1,1,1.0,,0,1,2.0,90000.0,100000.0
gsm_1206_clean__C2,gsm_1206_clean,C2,7,continued,1,1,1,1.0,,0,1,2.0,90000.0,100000.0
gsm_1206_clean__C3,gsm_1206_clean,C3,8,continued,1,1,1,,,1,1,,90000.0,100000.0
gsm_1206_clean__C4,gsm_1206_clean,C4,7,continued,1,1,1,1.0,,0,1,3.0,90000.0,100000.0
gsm_569_clean__C0,gsm_569_clean,C0,6,continued,1,1,1,,,1,1,,100.0,84.0
gsm_569_clean__C1,gsm_569_clean,C1,6,continued,1,1,1,1.0,,0,1,2.0,100.0,84.0
gsm_569_clean__C2,gsm_569_clean,C2,6,continued,1,1,1,0.0,2.0,1,1,2.0,100.0,84.0
gsm_569_clean__C3,gsm_569_clean,C3,2,continued,0,0,0,,,0,0,,100.0,84.0
gsm_569_clean__C4,gsm_569_clean,C4,6,continued,0,0,0,0.0,,1,1,3.0,100.0,84.0
gsm_865_clean__C0,gsm_865_clean,C0,6,continued,1,1,1,,,1,1,,9.0,10.0
gsm_865_clean__C1,gsm_865_clean,C1,6,continued,1,1,1,0.0,3.0,0,1,2.0,9.0,10.0
gsm_865_clean__C2,gsm_865_clean,C2,7,continued,1,1,1,0.0,4.0,0,1,2.0,9.0,10.0
gsm_865_clean__C3,gsm_865_clean,C3,6,continued,1,1,1,,,1,1,,9.0,10.0
gsm_865_clean__C4,gsm_865_clean,C4,8,continued,1,1,1,0.0,3.0,0,1,3.0,9.0,10.0
gsm_696_clean__C0,gsm_696_clean,C0,9,continued,1,1,1,,,1,1,,77.0,65.0
gsm_696_clean__C1,gsm_696_clean,C1,9,continued,1,1,1,0.0,5.0,0,1,2.0,77.0,65.0
gsm_696_clean__C2,gsm_696_clean,C2,12,continued,1,2,1,0.0,8.0,0,1,2.0,77.0,65.0
gsm_696_clean__C3,gsm_696_clean,C3,8,continued,1,1,1,,,1,1,,77.0,65.0
gsm_696_clean__C4,gsm_696_clean,C4,11,continued,1,2,2,0.0,3.0,0,1,3.0,77.0,65.0
gsm_440_clean__C0,gsm_440_clean,C0,5,continued,1,1,1,,,1,1,,44.0,40.0
gsm_440_clean__C1,gsm_440_clean,C1,5,continued,1,1,1,1.0,,0,1,2.0,44.0,40.0
gsm_440_clean__C2,gsm_440_clean,C2,6,continued,1,1,1,0.0,2.0,1,1,2.0,44.0,40.0
gsm_440_clean__C3,gsm_440_clean,C3,8,continued,1,1,1,,,1,1,,44.0,40.0
gsm_440_clean__C4,gsm_440_clean,C4,6,continued,1,1,1,0.0,2.0,1,1,3.0,44.0,40.0
gsm_689_clean__C0,gsm_689_clean,C0,8,continued,1,1,1,,,1,1,,-1.7,0.3
gsm_689_clean__C1,gsm_689_clean,C1,6,continued,1,1,0,0.0,,0,0,3.0,-1.7,0.3
gsm_689_clean__C2,gsm_689_clean,C2,9,continued,1,1,1,0.0,4.0,1,1,3.0,-1.7,0.3
gsm_689_clean__C3,gsm_689_clean,C3,8,continued,1,1,1,,,1,1,,-1.7,0.3
gsm_689_clean__C4,gsm_689_clean,C4,9,continued,1,1,1,0.0,3.0,1,1,4.0,-1.7,0.3
gsm_189_clean__C0,gsm_189_clean,C0,5,continued,0,0,0,,,1,0,,13.75,15.75
gsm_189_clean__C1,gsm_189_clean,C1,6,continued,1,1,1,0.0,3.0,0,1,2.0,13.75,15.75
gsm_189_clean__C2,gsm_189_clean,C2,10,continued,1,1,1,0.0,6.0,0,1,2.0,13.75,15.75
gsm_189_clean__C3,gsm_189_clean,C3,6,continued,1,1,1,,,1,1,,13.75,15.75
gsm_189_clean__C4,gsm_189_clean,C4,6,continued,0,0,0,0.0,,0,1,3.0,13.75,15.75
gsm_778_clean__C0,gsm_778_clean,C0,6,continued,1,1,1,,,1,1,,10.0,8.0
gsm_778_clean__C1,gsm_778_clean,C1,6,continued,1,1,1,1.0,,0,1,2.0,10.0,8.0
gsm_778_clean__C2,gsm_778_clean,C2,7,continued,1,1,1,0.0,3.0,1,1,2.0,10.0,8.0
gsm_778_clean__C3,gsm_778_clean,C3,6,continued,1,1,1,,,1,1,,10.0,8.0
gsm_778_clean__C4,gsm_778_clean,C4,8,continued,1,2,2,1.0,,0,1,3.0,10.0,8.0
gsm_198_clean__C0,gsm_198_clean,C0,9,continued,1,1,1,,,1,1,,66.0,60.0
gsm_198_clean__C1,gsm_198_clean,C1,7,continued,1,1,1,1.0,,0,1,2.0,66.0,60.0
gsm_198_clean__C2,gsm_198_clean,C2,10,continued,1,1,1,0.0,6.0,1,1,2.0,66.0,60.0
gsm_198_clean__C3,gsm_198_clean,C3,6,continued,1,1,1,,,0,1,,66.0,60.0
gsm_198_clean__C4,gsm_198_clean,C4,7,continued,1,1,1,1.0,,0,1,3.0,66.0,60.0
gsm_1236_clean__C0,gsm_1236_clean,C0,6,continued,1,1,1,,,0,1,,33.0,30.0
gsm_1236_clean__C1,gsm_1236_clean,C1,6,continued,1,1,1,1.0,,0,1,2.0,33.0,30.0
gsm_1236_clean__C2,gsm_1236_clean,C2,9,continued,1,2,1,0.0,5.0,1,1,2.0,33.0,30.0
gsm_1236_clean__C3,gsm_1236_clean,C3,8,continued,1,2,1,,,1,1,,33.0,30.0
gsm_1236_clean__C4,gsm_1236_clean,C4,9,continued,1,2,1,0.0,4.0,0,1,3.0,33.0,30.0
gsm_940_clean__C0,gsm_940_clean,C0,4,continued,0,0,0,,,1,0,,50.0,56.0
gsm_940_clean__C1,gsm_940_clean,C1,4,continued,0,0,0,0.0,,0,0,2.0,50.0,56.0
gsm_940_clean__C2,gsm_940_clean,C2,7,continued,1,1,1,0.0,3.0,1,1,2.0,50.0,56.0
gsm_940_clean__C3,gsm_940_clean,C3,6,continued,1,1,1,,,1,1,,50.0,56.0
gsm_940_clean__C4,gsm_940_clean,C4,5,continued,0,0,0,0.0,,1,1,3.0,50.0,56.0
gsm_1098_clean__C0,gsm_1098_clean,C0,5,continued,1,1,1,,,1,1,,27.0,30.0
gsm_1098_clean__C1,gsm_1098_clean,C1,5,continued,1,1,1,1.0,,0,1,2.0,27.0,30.0
gsm_1098_clean__C2,gsm_1098_clean,C2,5,continued,1,1,1,1.0,,0,1,2.0,27.0,30.0
gsm_1098_clean__C3,gsm_1098_clean,C3,5,continued,1,1,1,,,1,1,,27.0,30.0
gsm_1098_clean__C4,gsm_1098_clean,C4,7,continued,1,2,2,1.0,,0,1,3.0,27.0,30.0
gsm_255_clean__C0,gsm_255_clean,C0,10,continued,1,1,1,,,1,1,,220.0,200.0
gsm_255_clean__C1,gsm_255_clean,C1,10,continued,1,1,1,0.0,6.0,1,1,2.0,220.0,200.0
gsm_255_clean__C2,gsm_255_clean,C2,10,continued,1,1,1,0.0,7.0,1,1,2.0,220.0,200.0
gsm_255_clean__C3,gsm_255_clean,C3,8,continued,0,0,0,,,0,0,,220.0,200.0
gsm_255_clean__C4,gsm_255_clean,C4,11,continued,1,1,1,0.0,7.0,1,1,3.0,220.0,200.0
gsm_775_clean__C0,gsm_775_clean,C0,9,continued,1,1,1,,,1,1,,182.0,228.0
gsm_775_clean__C1,gsm_775_clean,C1,9,continued,1,1,1,0.0,5.0,0,1,2.0,182.0,228.0
gsm_775_clean__C2,gsm_775_clean,C2,8,continued,1,1,1,0.0,4.0,1,1,2.0,182.0,228.0
gsm_775_clean__C3,gsm_775_clean,C3,6,continued,1,1,1,,,1,1,,182.0,228.0
gsm_775_clean__C4,gsm_775_clean,C4,10,continued,1,1,1,0.0,5.0,1,1,3.0,182.0,228.0
gsm_161_clean__C0,gsm_161_clean,C0,7,continued,1,1,1,,,1,1,,3.0,5.0
gsm_161_clean__C1,gsm_161_clean,C1,7,continued,1,1,1,1.0,,0,1,2.0,3.0,5.0
gsm_161_clean__C2,gsm_161_clean,C2,9,continued,1,1,1,1.0,,1,1,2.0,3.0,5.0
gsm_161_clean__C3,gsm_161_clean,C3,7,continued,1,1,1,,,1,1,,3.0,5.0
gsm_161_clean__C4,gsm_161_clean,C4,9,continued,1,1,1,1.0,,0,1,3.0,3.0,5.0
gsm_1130_clean__C0,gsm_1130_clean,C0,10,continued,1,1,1,,,1,1,,240.0,200.0
gsm_1130_clean__C1,gsm_1130_clean,C1,10,continued,1,1,1,0.0,4.0,0,1,4.0,240.0,200.0
gsm_1130_clean__C2,gsm_1130_clean,C2,9,continued,1,1,1,0.0,3.0,0,1,4.0,240.0,200.0
gsm_1130_clean__C3,gsm_1130_clean,C3,9,continued,1,1,1,,,1,1,,240.0,200.0
gsm_1130_clean__C4,gsm_1130_clean,C4,10,continued,1,1,2,0.0,4.0,1,1,5.0,240.0,200.0
gsm_600_clean__C0,gsm_600_clean,C0,6,continued,1,1,1,,,1,1,,2.0,4.0
gsm_600_clean__C1,gsm_600_clean,C1,6,continued,1,1,1,1.0,,0,1,2.0,2.0,4.0
gsm_600_clean__C2,gsm_600_clean,C2,8,continued,1,1,1,1.0,,1,1,2.0,2.0,4.0
gsm_600_clean__C3,gsm_600_clean,C3,5,continued,1,1,1,,,1,1,,2.0,4.0
gsm_600_clean__C4,gsm_600_clean,C4,8,continued,1,1,1,1.0,,0,1,3.0,2.0,4.0
gsm_1266_clean__C0,gsm_1266_clean,C0,9,continued,1,1,1,,,1,1,,17.0,15.0
gsm_1266_clean__C1,gsm_1266_clean,C1,9,continued,1,1,1,0.0,3.0,0,1,4.0,17.0,15.0
gsm_1266_clean__C2,gsm_1266_clean,C2,10,continued,1,1,1,0.0,4.0,1,1,4.0,17.0,15.0
gsm_1266_clean__C3,gsm_1266_clean,C3,9,continued,1,1,1,,,1,1,,17.0,15.0
gsm_1266_clean__C4,gsm_1266_clean,C4,10,continued,1,1,1,0.0,3.0,1,1,5.0,17.0,15.0
gsm_740_clean__C0,gsm_740_clean,C0,8,continued,1,1,1,,,1,1,,11.0,10.0
gsm_740_clean__C1,gsm_740_clean,C1,8,continued,1,1,1,1.0,,0,1,4.0,11.0,10.0
gsm_740_clean__C2,gsm_740_clean,C2,9,continued,1,1,1,0.0,3.0,1,1,4.0,11.0,10.0
gsm_740_clean__C3,gsm_740_clean,C3,6,continued,1,1,1,,,1,1,,11.0,10.0
gsm_740_clean__C4,gsm_740_clean,C4,9,continued,1,2,2,1.0,,0,1,5.0,11.0,10.0
gsm_393_clean__C0,gsm_393_clean,C0,7,continued,1,1,1,,,1,1,,3.0,2.0
gsm_393_clean__C1,gsm_393_clean,C1,7,continued,0,0,0,0.0,,1,0,2.0,3.0,2.0
gsm_393_clean__C2,gsm_393_clean,C2,7,continued,0,0,0,0.0,,1,0,2.0,3.0,2.0
gsm_393_clean__C3,gsm_393_clean,C3,6,continued,1,1,1,,,1,1,,3.0,2.0
gsm_393_clean__C4,gsm_393_clean,C4,12,continued,1,1,1,1.0,,0,1,3.0,3.0,2.0
gsm_142_clean__C0,gsm_142_clean,C0,6,continued,1,1,1,,,1,1,,16.0,20.0
gsm_142_clean__C1,gsm_142_clean,C1,6,continued,1,1,1,1.0,,0,1,3.0,16.0,20.0
gsm_142_clean__C2,gsm_142_clean,C2,7,continued,1,1,1,0.0,2.0,1,1,3.0,16.0,20.0
gsm_142_clean__C3,gsm_142_clean,C3,6,continued,1,1,1,,,1,1,,16.0,20.0
gsm_142_clean__C4,gsm_142_clean,C4,8,continued,1,1,1,1.0,,0,1,4.0,16.0,20.0
gsm_93_clean__C0,gsm_93_clean,C0,6,continued,0,0,0,,,1,0,,48.0,40.0
gsm_93_clean__C1,gsm_93_clean,C1,5,continued,1,1,0,0.0,,0,0,3.0,48.0,40.0
gsm_93_clean__C2,gsm_93_clean,C2,7,continued,1,1,1,1.0,,0,1,3.0,48.0,40.0
gsm_93_clean__C3,gsm_93_clean,C3,6,continued,1,1,1,,,1,1,,48.0,40.0
gsm_93_clean__C4,gsm_93_clean,C4,8,continued,1,1,1,0.0,2.0,1,1,4.0,48.0,40.0
gsm_928_clean__C0,gsm_928_clean,C0,9,continued,1,1,1,,,1,1,,62.0,78.0
gsm_928_clean__C1,gsm_928_clean,C1,10,continued,1,1,1,0.0,6.0,0,1,2.0,62.0,78.0
gsm_928_clean__C2,gsm_928_clean,C2,10,continued,1,1,1,0.0,6.0,1,1,2.0,62.0,78.0
gsm_928_clean__C3,gsm_928_clean,C3,10,continued,1,1,1,,,1,1,,62.0,78.0
gsm_928_clean__C4,gsm_928_clean,C4,10,continued,1,1,1,0.0,6.0,0,1,3.0,62.0,78.0
gsm_1301_clean__C0,gsm_1301_clean,C0,10,continued,1,1,1,,,0,1,,19.0,15.0
gsm_1301_clean__C1,gsm_1301_clean,C1,10,continued,1,1,1,0.0,5.0,0,1,3.0,19.0,15.0
gsm_1301_clean__C2,gsm_1301_clean,C2,10,continued,1,2,1,0.0,5.0,1,1,3.0,19.0,15.0
gsm_1301_clean__C3,gsm_1301_clean,C3,11,continued,1,1,1,,,0,1,,19.0,15.0
gsm_1301_clean__C4,gsm_1301_clean,C4,11,continued,0,0,0,0.0,,0,1,4.0,19.0,15.0
gsm_758_clean__C0,gsm_758_clean,C0,6,continued,1,1,1,,,1,1,,5.0,7.0
gsm_758_clean__C1,gsm_758_clean,C1,6,continued,1,1,1,1.0,,0,1,3.0,5.0,7.0
gsm_758_clean__C2,gsm_758_clean,C2,7,continued,1,1,1,0.0,2.0,1,1,3.0,5.0,7.0
gsm_758_clean__C3,gsm_758_clean,C3,6,continued,1,1,1,,,1,1,,5.0,7.0
gsm_758_clean__C4,gsm_758_clean,C4,5,continued,0,0,0,0.0,,0,1,4.0,5.0,7.0
gsm_429_clean__C0,gsm_429_clean,C0,6,continued,1,2,1,,,1,1,,4.0,3.0
gsm_429_clean__C1,gsm_429_clean,C1,6,continued,1,2,1,1.0,,0,1,2.0,4.0,3.0
gsm_429_clean__C2,gsm_429_clean,C2,7,continued,1,2,1,0.0,4.0,1,1,2.0,4.0,3.0
gsm_429_clean__C3,gsm_429_clean,C3,6,continued,1,1,1,,,1,1,,4.0,3.0
gsm_429_clean__C4,gsm_429_clean,C4,8,continued,1,2,1,0.0,3.0,1,1,3.0,4.0,3.0
gsm_546_clean__C0,gsm_546_clean,C0,8,continued,1,1,1,,,1,1,,57.0,52.0
gsm_546_clean__C1,gsm_546_clean,C1,7,continued,1,1,1,1.0,,0,1,2.0,57.0,52.0
gsm_546_clean__C2,gsm_546_clean,C2,9,continued,1,1,1,0.0,5.0,0,1,2.0,57.0,52.0
gsm_546_clean__C3,gsm_546_clean,C3,7,continued,1,1,1,,,1,1,,57.0,52.0
gsm_546_clean__C4,gsm_546_clean,C4,7,continued,1,1,1,1.0,,0,1,3.0,57.0,52.0
gsm_146_clean__C0,gsm_146_clean,C0,6,continued,1,1,1,,,1,1,,1350.0,1500.0
gsm_146_clean__C1,gsm_146_clean,C1,6,continued,1,1,1,1.0,,0,1,2.0,1350.0,1500.0
gsm_146_clean__C2,gsm_146_clean,C2,9,continued,1,1,1,0.0,5.0,1,1,2.0,1350.0,1500.0
gsm_146_clean__C3,gsm_146_clean,C3,6,continued,1,1,1,,,1,1,,1350.0,1500.0
gsm_146_clean__C4,gsm_146_clean,C4,6,continued,1,1,1,1.0,,0,1,3.0,1350.0,1500.0
gsm_1300_clean__C0,gsm_1300_clean,C0,8,continued,1,1,1,,,1,1,,8.0,10.0
gsm_1300_clean__C1,gsm_1300_clean,C1,6,continued,0,0,0,0.0,,0,0,3.0,8.0,10.0
gsm_1300_clean__C2,gsm_1300_clean,C2,9,continued,1,1,1,0.0,4.0,1,1,3.0,8.0,10.0
gsm_1300_clean__C3,gsm_1300_clean,C3,6,continued,1,1,1,,,1,1,,8.0,10.0
gsm_1300_clean__C4,gsm_1300_clean,C4,11,continued,1,1,1,1.0,,0,1,4.0,8.0,10.0
gsm_350_clean__C0,gsm_350_clean,C0,8,continued,1,1,1,,,1,1,,1.0,3.0
gsm_350_clean__C1,gsm_350_clean,C1,8,continued,1,1,1,1.0,,0,1,2.0,1.0,3.0
gsm_350_clean__C2,gsm_350_clean,C2,9,continued,1,1,1,1.0,,1,1,2.0,1.0,3.0
gsm_350_clean__C3,gsm_350_clean,C3,7,continued,1,1,1,,,1,1,,1.0,3.0
gsm_350_clean__C4,gsm_350_clean,C4,9,continued,1,1,2,1.0,,0,1,3.0,1.0,3.0
gsm_1093_clean__C0,gsm_1093_clean,C0,9,continued,1,1,1,,,1,1,,72.0,80.0
gsm_1093_clean__C1,gsm_1093_clean,C1,10,continued,1,2,1,0.0,6.0,1,1,2.0,72.0,80.0
gsm_1093_clean__C2,gsm_1093_clean,C2,10,continued,1,1,1,0.0,6.0,1,1,2.0,72.0,80.0
gsm_1093_clean__C3,gsm_1093_clean,C3,9,continued,1,1,1,,,1,1,,72.0,80.0
gsm_1093_clean__C4,gsm_1093_clean,C4,11,continued,1,1,1,0.0,5.0,1,1,3.0,72.0,80.0
gsm_946_clean__C0,gsm_946_clean,C0,9,continued,1,1,1,,,1,1,,495.0,450.0
gsm_946_clean__C1,gsm_946_clean,C1,6,continued,1,1,1,1.0,,0,1,3.0,495.0,450.0
gsm_946_clean__C2,gsm_946_clean,C2,4,continued,0,0,0,0.0,,1,0,3.0,495.0,450.0
gsm_946_clean__C3,gsm_946_clean,C3,3,continued,0,0,0,,,1,0,,495.0,450.0
gsm_946_clean__C4,gsm_946_clean,C4,7,continued,1,2,1,0.0,1.0,1,1,4.0,495.0,450.0
gsm_777_clean__C0,gsm_777_clean,C0,11,continued,1,1,1,,,1,1,,160.0,200.0
gsm_777_clean__C1,gsm_777_clean,C1,11,continued,1,1,1,0.0,7.0,0,1,2.0,160.0,200.0
gsm_777_clean__C2,gsm_777_clean,C2,12,continued,1,1,1,0.0,8.0,0,1,2.0,160.0,200.0
gsm_777_clean__C3,gsm_777_clean,C3,11,continued,1,1,1,,,1,1,,160.0,200.0
gsm_777_clean__C4,gsm_777_clean,C4,12,continued,1,1,1,0.0,7.0,0,1,3.0,160.0,200.0
gsm_1140_clean__C0,gsm_1140_clean,C0,4,continued,1,1,0,,,0,0,,1.0,2.0
gsm_1140_clean__C1,gsm_1140_clean,C1,7,continued,1,2,1,1.0,,0,1,2.0,1.0,2.0
gsm_1140_clean__C2,gsm_1140_clean,C2,7,continued,1,1,1,1.0,,0,1,2.0,1.0,2.0
gsm_1140_clean__C3,gsm_1140_clean,C3,7,continued,1,1,1,,,0,1,,1.0,2.0
gsm_1140_clean__C4,gsm_1140_clean,C4,8,continued,1,2,2,1.0,,0,1,3.0,1.0,2.0
gsm_449_clean__C0,gsm_449_clean,C0,3,continued,0,0,0,,,1,0,,52.0,64.0
gsm_449_clean__C1,gsm_449_clean,C1,3,continued,0,0,0,0.0,,0,0,2.0,52.0,64.0
gsm_449_clean__C2,gsm_449_clean,C2,6,continued,1,1,1,0.0,2.0,1,1,2.0,52.0,64.0
gsm_449_clean__C3,gsm_449_clean,C3,5,continued,1,1,1,,,1,1,,52.0,64.0
gsm_449_clean__C4,gsm_449_clean,C4,6,continued,1,1,1,1.0,,0,1,3.0,52.0,64.0
gsm_469_clean__C0,gsm_469_clean,C0,7,continued,1,1,1,,,1,1,,58.0,48.0
gsm_469_clean__C1,gsm_469_clean,C1,8,continued,1,1,1,1.0,,0,1,3.0,58.0,48.0
gsm_469_clean__C2,gsm_469_clean,C2,6,continued,1,1,1,0.0,1.0,0,1,3.0,58.0,48.0
gsm_469_clean__C3,gsm_469_clean,C3,4,continued,0,0,0,,,1,0,,58.0,48.0
gsm_469_clean__C4,gsm_469_clean,C4,9,continued,1,1,1,0.0,3.0,1,1,4.0,58.0,48.0
gsm_821_clean__C0,gsm_821_clean,C0,6,continued,0,0,0,,,1,0,,77.0,70.0
gsm_821_clean__C1,gsm_821_clean,C1,6,continued,0,0,0,0.0,,0,0,3.0,77.0,70.0
gsm_821_clean__C2,gsm_821_clean,C2,10,continued,1,3,1,1.0,,0,1,3.0,77.0,70.0
gsm_821_clean__C3,gsm_821_clean,C3,8,continued,1,2,1,,,1,1,,77.0,70.0
gsm_821_clean__C4,gsm_821_clean,C4,8,continued,1,1,1,1.0,,0,1,4.0,77.0,70.0
gsm_548_clean__C0,gsm_548_clean,C0,5,continued,1,1,1,,,0,1,,36.0,30.0
gsm_548_clean__C1,gsm_548_clean,C1,4,continued,0,0,0,0.0,,0,0,2.0,36.0,30.0
gsm_548_clean__C2,gsm_548_clean,C2,6,continued,1,1,1,1.0,,0,1,2.0,36.0,30.0
gsm_548_clean__C3,gsm_548_clean,C3,5,continued,1,1,1,,,1,1,,36.0,30.0
gsm_548_clean__C4,gsm_548_clean,C4,6,continued,1,2,1,1.0,,0,1,3.0,36.0,30.0
gsm_432_clean__C0,gsm_432_clean,C0,5,continued,1,1,1,,,1,1,,165.0,150.0
gsm_432_clean__C1,gsm_432_clean,C1,5,continued,1,1,1,1.0,,0,1,2.0,165.0,150.0
gsm_432_clean__C2,gsm_432_clean,C2,6,continued,1,1,1,0.0,2.0,1,1,2.0,165.0,150.0
gsm_432_clean__C3,gsm_432_clean,C3,5,continued,1,1,1,,,1,1,,165.0,150.0
gsm_432_clean__C4,gsm_432_clean,C4,5,continued,0,0,0,0.0,,0,1,3.0,165.0,150.0
gsm_644_clean__C0,gsm_644_clean,C0,5,continued,1,1,1,,,1,1,,29.0,32.0
gsm_644_clean__C1,gsm_644_clean,C1,3,continued,0,0,0,0.0,,0,0,2.0,29.0,32.0
gsm_644_clean__C2,gsm_644_clean,C2,5,continued,1,1,1,1.0,,0,1,2.0,29.0,32.0
gsm_644_clean__C3,gsm_644_clean,C3,5,continued,1,1,1,,,1,1,,29.0,32.0
gsm_644_clean__C4,gsm_644_clean,C4,5,continued,0,0,0,0.0,,0,1,3.0,29.0,32.0
gsm_435_clean__C0,gsm_435_clean,C0,7,continued,1,1,1,,,1,1,,22.0,20.0
gsm_435_clean__C1,gsm_435_clean,C1,6,continued,0,0,0,0.0,,0,0,3.0,22.0,20.0
gsm_435_clean__C2,gsm_435_clean,C2,6,continued,1,1,0,0.0,,0,0,3.0,22.0,20.0
gsm_435_clean__C3,gsm_435_clean,C3,6,continued,1,1,1,,,1,1,,22.0,20.0
gsm_435_clean__C4,gsm_435_clean,C4,9,continued,1,1,1,0.0,3.0,1,1,4.0,22.0,20.0
gsm_810_clean__C0,gsm_810_clean,C0,9,continued,1,1,1,,,1,1,,22.0,20.0
gsm_810_clean__C1,gsm_810_clean,C1,9,continued,1,1,1,0.0,5.0,0,1,2.0,22.0,20.0
gsm_810_clean__C2,gsm_810_clean,C2,10,continued,1,1,1,0.0,6.0,1,1,2.0,22.0,20.0
gsm_810_clean__C3,gsm_810_clean,C3,9,continued,1,1,1,,,1,1,,22.0,20.0
gsm_810_clean__C4,gsm_810_clean,C4,10,continued,1,1,1,0.0,5.0,0,1,3.0,22.0,20.0
gsm_939_clean__C0,gsm_939_clean,C0,6,continued,1,2,1,,,1,1,,270.0,300.0
gsm_939_clean__C1,gsm_939_clean,C1,6,continued,1,2,1,1.0,,0,1,2.0,270.0,300.0
gsm_939_clean__C2,gsm_939_clean,C2,6,continued,1,2,1,1.0,,0,1,2.0,270.0,300.0
gsm_939_clean__C3,gsm_939_clean,C3,6,continued,1,2,1,,,1,1,,270.0,300.0
gsm_939_clean__C4,gsm_939_clean,C4,8,continued,1,2,1,1.0,,0,1,3.0,270.0,300.0
gsm_292_clean__C0,gsm_292_clean,C0,9,continued,1,1,1,,,1,1,,3.5,2.5
gsm_292_clean__C1,gsm_292_clean,C1,7,continued,1,1,1,0.0,3.0,0,1,2.0,3.5,2.5
gsm_292_clean__C2,gsm_292_clean,C2,8,continued,1,1,1,0.0,4.0,0,1,2.0,3.5,2.5
gsm_292_clean__C3,gsm_292_clean,C3,6,continued,1,1,1,,,1,1,,3.5,2.5
gsm_292_clean__C4,gsm_292_clean,C4,12,continued,1,1,1,0.0,7.0,1,1,3.0,3.5,2.5
gsm_542_clean__C0,gsm_542_clean,C0,6,continued,1,1,1,,,1,1,,2.0,4.0
gsm_542_clean__C1,gsm_542_clean,C1,6,continued,1,1,1,1.0,,0,1,2.0,2.0,4.0
gsm_542_clean__C2,gsm_542_clean,C2,7,continued,1,1,1,1.0,,0,1,2.0,2.0,4.0
gsm_542_clean__C3,gsm_542_clean,C3,5,continued,0,0,0,,,1,0,,2.0,4.0
gsm_542_clean__C4,gsm_542_clean,C4,6,continued,0,0,0,0.0,,1,1,3.0,2.0,4.0
gsm_505_clean__C0,gsm_505_clean,C0,7,continued,1,1,1,,,1,1,,-0.98,0.015
gsm_505_clean__C1,gsm_505_clean,C1,7,continued,1,2,1,0.0,3.0,0,1,2.0,-0.98,0.015
gsm_505_clean__C2,gsm_505_clean,C2,9,restarted,1,2,1,0.0,5.0,1,1,2.0,-0.98,0.015
gsm_505_clean__C3,gsm_505_clean,C3,7,restarted,1,1,1,,,1,1,,-0.98,0.015
gsm_505_clean__C4,gsm_505_clean,C4,8,continued,1,1,1,0.0,3.0,1,1,3.0,-0.98,0.015
gsm_1197_clean__C0,gsm_1197_clean,C0,8,continued,1,1,1,,,1,1,,54.0,60.0
gsm_1197_clean__C1,gsm_1197_clean,C1,8,continued,1,1,1,0.0,4.0,0,1,2.0,54.0,60.0
gsm_1197_clean__C2,gsm_1197_clean,C2,9,continued,1,1,1,0.0,5.0,0,1,2.0,54.0,60.0
gsm_1197_clean__C3,gsm_1197_clean,C3,8,continued,1,1,1,,,1,1,,54.0,60.0
gsm_1197_clean__C4,gsm_1197_clean,C4,9,continued,1,1,1,0.0,4.0,1,1,3.0,54.0,60.0
gsm_817_clean__C0,gsm_817_clean,C0,6,continued,0,0,0,,,1,0,,43.0,48.0
gsm_817_clean__C1,gsm_817_clean,C1,7,continued,1,1,1,1.0,,0,1,4.0,43.0,48.0
gsm_817_clean__C2,gsm_817_clean,C2,8,continued,1,1,1,1.0,,0,1,4.0,43.0,48.0
gsm_817_clean__C3,gsm_817_clean,C3,6,continued,1,1,1,,,1,1,,43.0,48.0
gsm_817_clean__C4,gsm_817_clean,C4,9,continued,1,1,1,1.0,,0,1,5.0,43.0,48.0
gsm_741_clean__C0,gsm_741_clean,C0,6,continued,1,1,1,,,1,1,,10.0,8.0
gsm_741_clean__C1,gsm_741_clean,C1,6,continued,1,1,1,1.0,,0,1,2.0,10.0,8.0
gsm_741_clean__C2,gsm_741_clean,C2,9,continued,1,1,1,0.0,5.0,1,1,2.0,10.0,8.0
gsm_741_clean__C3,gsm_741_clean,C3,7,continued,1,1,1,,,1,1,,10.0,8.0
gsm_741_clean__C4,gsm_741_clean,C4,9,continued,1,1,1,0.0,4.0,1,1,3.0,10.0,8.0
gsm_283_clean__C0,gsm_283_clean,C0,8,continued,1,1,1,,,1,1,,10.0,8.0
gsm_283_clean__C1,gsm_283_clean,C1,8,continued,1,1,1,0.0,4.0,0,1,2.0,10.0,8.0
gsm_283_clean__C2,gsm_283_clean,C2,7,continued,1,1,1,0.0,2.0,0,1,2.0,10.0,8.0
gsm_283_clean__C3,gsm_283_clean,C3,8,continued,1,1,1,,,1,1,,10.0,8.0
gsm_283_clean__C4,gsm_283_clean,C4,8,continued,1,1,1,0.0,3.0,1,1,3.0,10.0,8.0
gsm_1043_clean__C0,gsm_1043_clean,C0,8,continued,1,1,1,,,1,1,,5500.0,5000.0
gsm_1043_clean__C1,gsm_1043_clean,C1,8,continued,1,1,1,1.0,,0,1,4.0,5500.0,5000.0
gsm_1043_clean__C2,gsm_1043_clean,C2,8,continued,1,1,1,0.0,2.0,1,1,4.0,5500.0,5000.0
gsm_1043_clean__C3,gsm_1043_clean,C3,7,continued,1,1,1,,,1,1,,5500.0,5000.0
gsm_1043_clean__C4,gsm_1043_clean,C4,10,continued,1,1,1,0.0,3.0,1,1,5.0,5500.0,5000.0
gsm_1010_clean__C0,gsm_1010_clean,C0,6,continued,0,0,0,,,1,0,,13.0,14.0
gsm_1010_clean__C1,gsm_1010_clean,C1,6,continued,0,0,0,0.0,,0,0,2.0,13.0,14.0
gsm_1010_clean__C2,gsm_1010_clean,C2,8,continued,1,1,1,0.0,4.0,1,1,2.0,13.0,14.0
gsm_1010_clean__C3,gsm_1010_clean,C3,6,continued,1,1,1,,,1,1,,13.0,14.0
gsm_1010_clean__C4,gsm_1010_clean,C4,6,continued,0,0,0,0.0,,0,1,3.0,13.0,14.0
gsm_96_clean__C0,gsm_96_clean,C0,6,continued,0,0,0,,,1,0,,4.0,3.0
gsm_96_clean__C1,gsm_96_clean,C1,7,restarted,0,0,0,0.0,,0,0,3.0,4.0,3.0
gsm_96_clean__C2,gsm_96_clean,C2,5,continued,0,0,0,0.0,,1,0,3.0,4.0,3.0
gsm_96_clean__C3,gsm_96_clean,C3,6,restarted,1,1,1,,,1,1,,4.0,3.0
gsm_96_clean__C4,gsm_96_clean,C4,6,continued,1,1,1,0.0,2.0,0,1,4.0,4.0,3.0
gsm_224_clean__C0,gsm_224_clean,C0,5,continued,1,1,1,,,1,1,,72.0,90.0
gsm_224_clean__C1,gsm_224_clean,C1,3,continued,0,0,0,0.0,,0,0,2.0,72.0,90.0
gsm_224_clean__C2,gsm_224_clean,C2,6,continued,1,1,1,0.0,2.0,1,1,2.0,72.0,90.0
gsm_224_clean__C3,gsm_224_clean,C3,3,continued,0,0,0,,,1,0,,72.0,90.0
gsm_224_clean__C4,gsm_224_clean,C4,8,restarted,1,1,1,0.0,3.0,1,1,3.0,72.0,90.0
gsm_313_clean__C0,gsm_313_clean,C0,12,continued,1,3,1,,,1,1,,18.0,20.0
gsm_313_clean__C1,gsm_313_clean,C1,10,continued,1,3,1,0.0,6.0,0,1,2.0,18.0,20.0
gsm_313_clean__C2,gsm_313_clean,C2,8,continued,1,1,1,0.0,4.0,1,1,2.0,18.0,20.0
gsm_313_clean__C3,gsm_313_clean,C3,6,continued,1,1,1,,,1,1,,18.0,20.0
gsm_313_clean__C4,gsm_313_clean,C4,9,continued,1,3,1,0.0,4.0,0,1,3.0,18.0,20.0
gsm_327_clean__C0,gsm_327_clean,C0,9,continued,1,1,1,,,1,1,,18.0,22.0
gsm_327_clean__C1,gsm_327_clean,C1,9,continued,1,1,0,0.0,,0,1,2.0,18.0,22.0
gsm_327_clean__C2,gsm_327_clean,C2,12,continued,1,2,1,0.0,9.0,0,1,2.0,18.0,22.0
gsm_327_clean__C3,gsm_327_clean,C3,13,continued,1,1,1,,,1,1,,18.0,22.0
gsm_327_clean__C4,gsm_327_clean,C4,10,continued,1,2,1,0.0,5.0,1,1,3.0,18.0,22.0
gsm_1221_clean__C0,gsm_1221_clean,C0,5,continued,0,0,0,,,1,0,,6.0,5.0
gsm_1221_clean__C1,gsm_1221_clean,C1,7,continued,1,1,1,1.0,,0,1,3.0,6.0,5.0
gsm_1221_clean__C2,gsm_1221_clean,C2,6,continued,0,0,0,0.0,,1,0,3.0,6.0,5.0
gsm_1221_clean__C3,gsm_1221_clean,C3,4,continued,0,0,0,,,1,0,,6.0,5.0
gsm_1221_clean__C4,gsm_1221_clean,C4,6,continued,0,0,0,0.0,,0,1,4.0,6.0,5.0
gsm_130_clean__C0,gsm_130_clean,C0,6,continued,1,1,1,,,1,1,,24.0,20.0
gsm_130_clean__C1,gsm_130_clean,C1,6,continued,1,1,1,0.0,2.0,0,1,2.0,24.0,20.0
gsm_130_clean__C2,gsm_130_clean,C2,7,continued,1,1,1,0.0,3.0,0,1,2.0,24.0,20.0
gsm_130_clean__C3,gsm_130_clean,C3,6,continued,1,1,1,,,1,1,,24.0,20.0
gsm_130_clean__C4,gsm_130_clean,C4,8,continued,1,1,1,0.0,3.0,0,1,3.0,24.0,20.0
gsm_788_clean__C0,gsm_788_clean,C0,8,continued,1,1,1,,,1,1,,165.0,150.0
gsm_788_clean__C1,gsm_788_clean,C1,8,continued,1,1,1,1.0,,0,1,2.0,165.0,150.0
gsm_788_clean__C2,gsm_788_clean,C2,5,continued,1,1,0,0.0,,0,0,2.0,165.0,150.0
gsm_788_clean__C3,gsm_788_clean,C3,6,continued,1,1,1,,,1,1,,165.0,150.0
gsm_788_clean__C4,gsm_788_clean,C4,9,continued,1,1,1,1.0,,0,1,3.0,165.0,150.0
gsm_23_clean__C0,gsm_23_clean,C0,5,continued,0,0,0,,,1,0,,6.0,8.0
gsm_23_clean__C1,gsm_23_clean,C1,5,continued,0,0,0,0.0,,0,0,3.0,6.0,8.0
gsm_23_clean__C2,gsm_23_clean,C2,5,continued,0,0,0,0.0,,1,0,3.0,6.0,8.0
gsm_23_clean__C3,gsm_23_clean,C3,3,continued,0,0,0,,,1,0,,6.0,8.0
gsm_23_clean__C4,gsm_23_clean,C4,7,continued,1,1,1,1.0,,0,1,4.0,6.0,8.0
gsm_234_clean__C0,gsm_234_clean,C0,9,continued,1,1,1,,,1,1,,2.0,3.0
gsm_234_clean__C1,gsm_234_clean,C1,11,continued,1,2,1,0.0,5.0,0,1,2.0,2.0,3.0
gsm_234_clean__C2,gsm_234_clean,C2,9,continued,1,1,1,1.0,,1,1,2.0,2.0,3.0
gsm_234_clean__C3,gsm_234_clean,C3,8,continued,1,1,1,,,1,1,,2.0,3.0
gsm_234_clean__C4,gsm_234_clean,C4,11,restarted,1,1,2,1.0,,1,1,3.0,2.0,3.0
gsm_1099_clean__C0,gsm_1099_clean,C0,3,continued,0,0,0,,,1,0,,4.0,3.0
gsm_1099_clean__C1,gsm_1099_clean,C1,3,continued,0,0,0,0.0,,0,0,2.0,4.0,3.0
gsm_1099_clean__C2,gsm_1099_clean,C2,6,continued,1,1,1,0.0,2.0,1,1,2.0,4.0,3.0
gsm_1099_clean__C3,gsm_1099_clean,C3,5,continued,1,1,1,,,1,1,,4.0,3.0
gsm_1099_clean__C4,gsm_1099_clean,C4,4,continued,0,0,0,0.0,,0,1,3.0,4.0,3.0
gsm_1312_clean__C0,gsm_1312_clean,C0,8,continued,1,1,1,,,1,1,,81.0,90.0
gsm_1312_clean__C1,gsm_1312_clean,C1,8,continued,1,1,1,1.0,,0,1,4.0,81.0,90.0
gsm_1312_clean__C2,gsm_1312_clean,C2,7,continued,0,0,0,0.0,,0,0,4.0,81.0,90.0
gsm_1312_clean__C3,gsm_1312_clean,C3,6,continued,0,0,0,,,0,0,,81.0,90.0
gsm_1312_clean__C4,gsm_1312_clean,C4,7,continued,0,0,0,0.0,,1,1,5.0,81.0,90.0
gsm_601_clean__C0,gsm_601_clean,C0,10,continued,1,1,1,,,1,1,,14.0,12.0
gsm_601_clean__C1,gsm_601_clean,C1,10,continued,1,1,1,0.0,7.0,0,1,2.0,14.0,12.0
gsm_601_clean__C2,gsm_601_clean,C2,15,continued,1,1,1,0.0,11.0,1,1,2.0,14.0,12.0
gsm_601_clean__C3,gsm_601_clean,C3,15,continued,1,1,1,,,1,1,,14.0,12.0
gsm_601_clean__C4,gsm_601_clean,C4,12,continued,1,1,1,0.0,7.0,1,1,3.0,14.0,12.0
gsm_890_clean__C0,gsm_890_clean,C0,10,continued,1,2,1,,,1,1,,91.0,75.0
gsm_890_clean__C1,gsm_890_clean,C1,8,continued,1,1,1,0.0,3.0,0,1,3.0,91.0,75.0
gsm_890_clean__C2,gsm_890_clean,C2,7,continued,1,1,1,0.0,3.0,1,1,3.0,91.0,75.0
gsm_890_clean__C3,gsm_890_clean,C3,7,continued,1,1,1,,,1,1,,91.0,75.0
gsm_890_clean__C4,gsm_890_clean,C4,10,continued,1,1,1,0.0,4.0,1,1,4.0,91.0,75.0
gsm_929_clean__C0,gsm_929_clean,C0,6,continued,1,1,1,,,1,1,,360.0,300.0
gsm_929_clean__C1,gsm_929_clean,C1,7,continued,1,1,1,1.0,,0,1,2.0,360.0,300.0
gsm_929_clean__C2,gsm_929_clean,C2,8,continued,1,1,1,0.0,4.0,1,1,2.0,360.0,300.0
gsm_929_clean__C3,gsm_929_clean,C3,7,continued,1,1,1,,,1,1,,360.0,300.0
gsm_929_clean__C4,gsm_929_clean,C4,8,continued,1,1,1,1.0,,0,1,3.0,360.0,300.0
gsm_6_clean__C0,gsm_6_clean,C0,6,continued,1,1,1,,,1,1,,72.0,80.0
gsm_6_clean__C1,gsm_6_clean,C1,6,continued,1,1,1,1.0,,0,1,2.0,72.0,80.0
gsm_6_clean__C2,gsm_6_clean,C2,8,continued,1,1,1,0.0,4.0,1,1,2.0,72.0,80.0
gsm_6_clean__C3,gsm_6_clean,C3,6,restarted,1,1,1,,,1,1,,72.0,80.0
gsm_6_clean__C4,gsm_6_clean,C4,8,continued,1,1,1,1.0,,0,1,3.0,72.0,80.0
gsm_1025_clean__C0,gsm_1025_clean,C0,6,continued,1,1,1,,,1,1,,66.0,60.0
gsm_1025_clean__C1,gsm_1025_clean,C1,6,continued,1,1,1,1.0,,0,1,2.0,66.0,60.0
gsm_1025_clean__C2,gsm_1025_clean,C2,8,continued,1,1,1,1.0,,0,1,2.0,66.0,60.0
gsm_1025_clean__C3,gsm_1025_clean,C3,6,continued,1,1,1,,,1,1,,66.0,60.0
gsm_1025_clean__C4,gsm_1025_clean,C4,10,continued,1,1,1,1.0,,0,1,3.0,66.0,60.0
gsm_365_clean__C0,gsm_365_clean,C0,5,continued,1,1,1,,,1,1,,11.0,12.0
gsm_365_clean__C1,gsm_365_clean,C1,5,continued,1,1,1,1.0,,0,1,2.0,11.0,12.0
gsm_365_clean__C2,gsm_365_clean,C2,6,continued,1,1,1,0.0,2.0,1,1,2.0,11.0,12.0
gsm_365_clean__C3,gsm_365_clean,C3,5,continued,1,1,1,,,1,1,,11.0,12.0
gsm_365_clean__C4,gsm_365_clean,C4,5,continued,0,0,0,0.0,,0,1,3.0,11.0,12.0
gsm_1039_clean__C0,gsm_1039_clean,C0,9,continued,1,1,1,,,1,1,,7.0,8.0
gsm_1039_clean__C1,gsm_1039_clean,C1,9,continued,1,1,1,1.0,,0,1,3.0,7.0,8.0
gsm_1039_clean__C2,gsm_1039_clean,C2,10,continued,1,1,1,0.0,5.0,1,1,3.0,7.0,8.0
gsm_1039_clean__C3,gsm_1039_clean,C3,9,continued,1,1,1,,,1,1,,7.0,8.0
gsm_1039_clean__C4,gsm_1039_clean,C4,10,continued,1,1,1,1.0,,0,1,4.0,7.0,8.0
gsm_217_clean__C0,gsm_217_clean,C0,5,continued,1,1,1,,,1,1,,12.0,11.0
gsm_217_clean__C1,gsm_217_clean,C1,5,continued,1,1,1,1.0,,0,1,2.0,12.0,11.0
gsm_217_clean__C2,gsm_217_clean,C2,6,continued,1,1,1,1.0,,0,1,2.0,12.0,11.0
gsm_217_clean__C3,gsm_217_clean,C3,5,continued,1,1,1,,,1,1,,12.0,11.0
gsm_217_clean__C4,gsm_217_clean,C4,5,continued,0,0,0,0.0,,0,1,3.0,12.0,11.0
gsm_1280_clean__C0,gsm_1280_clean,C0,4,continued,1,1,0,,,1,0,,7.0,5.0
gsm_1280_clean__C1,gsm_1280_clean,C1,6,continued,1,2,1,1.0,,0,1,2.0,7.0,5.0
gsm_1280_clean__C2,gsm_1280_clean,C2,6,continued,1,1,1,1.0,,0,1,2.0,7.0,5.0
gsm_1280_clean__C3,gsm_1280_clean,C3,3,continued,0,0,0,,,1,0,,7.0,5.0
gsm_1280_clean__C4,gsm_1280_clean,C4,7,continued,1,2,1,1.0,,0,1,3.0,7.0,5.0
gsm_1308_clean__C0,gsm_1308_clean,C0,5,continued,1,1,1,,,1,1,,24.0,20.0
gsm_1308_clean__C1,gsm_1308_clean,C1,5,continued,1,1,1,1.0,,0,1,2.0,24.0,20.0
gsm_1308_clean__C2,gsm_1308_clean,C2,6,continued,1,1,1,0.0,2.0,1,1,2.0,24.0,20.0
gsm_1308_clean__C3,gsm_1308_clean,C3,5,continued,1,1,1,,,1,1,,24.0,20.0
gsm_1308_clean__C4,gsm_1308_clean,C4,7,continued,1,1,0,0.0,,1,1,3.0,24.0,20.0
gsm_765_clean__C0,gsm_765_clean,C0,5,continued,1,1,0,,,1,0,,319.0,290.0
gsm_765_clean__C1,gsm_765_clean,C1,5,continued,1,1,0,0.0,,0,0,3.0,319.0,290.0
gsm_765_clean__C2,gsm_765_clean,C2,7,continued,1,2,1,0.0,2.0,0,1,3.0,319.0,290.0
gsm_765_clean__C3,gsm_765_clean,C3,6,continued,1,2,1,,,0,1,,319.0,290.0
gsm_765_clean__C4,gsm_765_clean,C4,6,continued,1,1,0,0.0,,0,1,4.0,319.0,290.0
gsm_330_clean__C0,gsm_330_clean,C0,6,continued,0,0,0,,,1,0,,7.0,8.0
gsm_330_clean__C1,gsm_330_clean,C1,6,continued,0,0,0,0.0,,0,0,4.0,7.0,8.0
gsm_330_clean__C2,gsm_330_clean,C2,10,continued,1,1,1,0.0,4.0,1,1,4.0,7.0,8.0
gsm_330_clean__C3,gsm_330_clean,C3,8,continued,1,1,0,,,1,0,,7.0,8.0
gsm_330_clean__C4,gsm_330_clean,C4,9,continued,1,1,1,0.0,2.0,1,1,5.0,7.0,8.0
gsm_1104_clean__C0,gsm_1104_clean,C0,5,continued,1,1,1,,,1,1,,7.0,8.0
gsm_1104_clean__C1,gsm_1104_clean,C1,5,continued,1,1,1,1.0,,0,1,2.0,7.0,8.0
gsm_1104_clean__C2,gsm_1104_clean,C2,6,continued,1,1,1,0.0,2.0,1,1,2.0,7.0,8.0
gsm_1104_clean__C3,gsm_1104_clean,C3,5,continued,1,1,1,,,1,1,,7.0,8.0
gsm_1104_clean__C4,gsm_1104_clean,C4,5,continued,0,0,0,0.0,,0,1,3.0,7.0,8.0
gsm_1086_clean__C0,gsm_1086_clean,C0,12,continued,1,1,1,,,0,1,,300.0,250.0
gsm_1086_clean__C1,gsm_1086_clean,C1,12,continued,1,1,1,0.0,8.0,0,1,2.0,300.0,250.0
gsm_1086_clean__C2,gsm_1086_clean,C2,12,continued,1,1,1,0.0,8.0,0,1,2.0,300.0,250.0
gsm_1086_clean__C3,gsm_1086_clean,C3,12,continued,1,1,1,,,0,1,,300.0,250.0
gsm_1086_clean__C4,gsm_1086_clean,C4,12,continued,1,1,1,0.0,7.0,0,1,3.0,300.0,250.0
gsm_1_clean__C0,gsm_1_clean,C0,5,continued,1,1,1,,,1,1,,-1.0,1.0
gsm_1_clean__C1,gsm_1_clean,C1,6,continued,1,1,1,0.0,2.0,1,1,2.0,-1.0,1.0
gsm_1_clean__C2,gsm_1_clean,C2,6,continued,1,1,1,0.0,2.0,1,1,2.0,-1.0,1.0
gsm_1_clean__C3,gsm_1_clean,C3,5,continued,1,1,1,,,1,1,,-1.0,1.0
gsm_1_clean__C4,gsm_1_clean,C4,7,continued,1,1,1,0.0,2.0,1,1,3.0,-1.0,1.0
gsm_1226_clean__C0,gsm_1226_clean,C0,12,continued,1,1,1,,,1,1,,59.0,75.0
gsm_1226_clean__C1,gsm_1226_clean,C1,10,continued,1,1,1,0.0,6.0,0,1,3.0,59.0,75.0
gsm_1226_clean__C2,gsm_1226_clean,C2,10,continued,1,1,1,0.0,6.0,1,1,3.0,59.0,75.0
gsm_1226_clean__C3,gsm_1226_clean,C3,12,continued,1,2,1,,,1,1,,59.0,75.0
gsm_1226_clean__C4,gsm_1226_clean,C4,13,continued,1,2,1,0.0,7.0,0,1,4.0,59.0,75.0
gsm_1000_clean__C0,gsm_1000_clean,C0,9,continued,1,1,1,,,1,1,,144.0,180.0
gsm_1000_clean__C1,gsm_1000_clean,C1,9,continued,1,1,1,0.0,5.0,0,1,2.0,144.0,180.0
gsm_1000_clean__C2,gsm_1000_clean,C2,10,continued,1,1,1,0.0,6.0,1,1,2.0,144.0,180.0
gsm_1000_clean__C3,gsm_1000_clean,C3,9,continued,1,1,1,,,1,1,,144.0,180.0
gsm_1000_clean__C4,gsm_1000_clean,C4,10,continued,1,1,1,0.0,4.0,0,1,3.0,144.0,180.0
gsm_229_clean__C0,gsm_229_clean,C0,7,continued,1,1,1,,,1,1,,32.0,36.0
gsm_229_clean__C1,gsm_229_clean,C1,6,continued,0,0,0,0.0,,0,0,2.0,32.0,36.0
gsm_229_clean__C2,gsm_229_clean,C2,8,continued,1,1,1,0.0,4.0,0,1,2.0,32.0,36.0
gsm_229_clean__C3,gsm_229_clean,C3,7,continued,1,1,1,,,1,1,,32.0,36.0
gsm_229_clean__C4,gsm_229_clean,C4,9,continued,1,1,1,0.0,4.0,0,1,3.0,32.0,36.0
